Stock_Code,Stock_Name,Stock_Code1,Stock_Name1,Start_Date
600000,  ????????,600000,  ????????,  1999-11-10
600004,  ????????,600004,  ????????,  2003-04-28
600006,  ????????,600006,  ????????,  1999-07-27
600007,  ????????,600007,  ????????,  1999-03-12
600008,  ????????,600008,  ????????,  2000-04-27
600009,  ????????,600009,  ????????,  1998-02-18
600010,  ????????,600010,  ????????,  2001-03-09
600011,  ????????,600011,  ????????,  2001-12-06
600012,  ????????,600012,  ????????,  2003-01-07
600015,  ????????,600015,  ????????,  2003-09-12
600016,  ????????,600016,  ????????,  2000-12-19
600017,  ??????,600017,  ??????,  2006-10-17
600018,  ????????,600018,  ????????,  2006-10-26
600019,  ????????,600019,  ????????,  2000-12-12
600020,  ????????,600020,  ????????,  2003-08-08
600021,  ????????,600021,  ????????,  2003-10-29
600022,  ????????,600022,  ????????,  2004-06-29
600023,  ????????,600023,  ????????,  2013-12-19
600025,  ????????,600025,  ????????,  2017-12-15
600026,  ????????,600026,  ????????,  2002-05-23
600027,  ????????,600027,  ????????,  2005-02-03
600028,  ????????,600028,  ????????,  2001-08-08
600029,  ????????,600029,  ????????,  2003-07-25
600030,  ????????,600030,  ????????,  2003-01-06
600031,  ????????,600031,  ????????,  2003-07-03
600032,  ????????,600032,  ????????,  2021-05-25
600033,  ????????,600033,  ????????,  2001-02-09
600035,  ????????,600035,  ????????,  2004-03-10
600036,  ????????,600036,  ????????,  2002-04-09
600037,  ????????,600037,  ????????,  2001-02-08
600038,  ????????,600038,  ????????,  2000-12-18
600039,  ????????,600039,  ????????,  2003-03-25
600048,  ????????,600048,  ????????,  2006-07-31
600050,  ????????,600050,  ????????,  2002-10-09
600051,  ????????,600051,  ????????,  1997-04-10
600052,  ????????,600052,  ????????,  1997-04-18
600053,  ????????,600053,  ????????,  1997-04-18
600054,  ????????,600054,  ????????,  1997-05-06
600055,  ????????,600055,  ????????,  1997-05-19
600056,  ????????,600056,  ????????,  1997-05-15
600057,  ????????,600057,  ????????,  1997-06-04
600058,  ????????,600058,  ????????,  1997-05-28
600059,  ????????,600059,  ????????,  1997-05-16
600060,  ????????,600060,  ????????,  1997-04-22
600061,  ????????,600061,  ????????,  1997-05-19
600062,  ????????,600062,  ????????,  1997-05-22
600063,  ????????,600063,  ????????,  1997-05-28
600064,  ????????,600064,  ????????,  1997-05-06
600066,  ????????,600066,  ????????,  1997-05-08
600067,  ????????,600067,  ????????,  1997-05-08
600070,  ????????,600070,  ????????,  1997-06-04
600071,  ????????,600071,  ????????,  1997-05-28
600072,  ????????,600072,  ????????,  1997-06-03
600073,  ????????,600073,  ????????,  1997-07-04
600075,  ????????,600075,  ????????,  1997-06-17
600076,  ????????,600076,  ????????,  1997-05-26
600077,  ????????,600077,  ????????,  1997-05-20
600078,  *ST????,600078,  *ST????,  1997-06-27
600079,  ????????,600079,  ????????,  1997-06-06
600080,  ????????,600080,  ????????,  1997-06-12
600081,  ????????,600081,  ????????,  1997-07-03
600082,  ????????,600082,  ????????,  1997-06-20
600083,  *ST????,600083,  *ST????,  1997-06-06
600084,  *ST????,600084,  *ST????,  1997-07-11
600085,  ??????,600085,  ??????,  1997-06-25
600088,  ????????,600088,  ????????,  1997-06-16
600089,  ????????,600089,  ????????,  1997-06-18
600090,  *ST????,600090,  *ST????,  1997-06-16
600091,  *ST????,600091,  *ST????,  1997-07-04
600093,  *ST????,600093,  *ST????,  1997-06-26
600094,  ??????,600094,  ??????,  1997-07-03
600095,  ????????,600095,  ????????,  1997-07-08
600096,  ??????,600096,  ??????,  1997-07-09
600097,  ????????,600097,  ????????,  1997-06-19
600098,  ????????,600098,  ????????,  1997-07-18
600099,  ????????,600099,  ????????,  1997-07-04
600100,  ????????,600100,  ????????,  1997-06-27
600101,  ????????,600101,  ????????,  1997-06-27
600103,  ????????,600103,  ????????,  1997-07-03
600104,  ????????,600104,  ????????,  1997-11-25
600105,  ????????,600105,  ????????,  1997-09-29
600106,  ????????,600106,  ????????,  1997-06-18
600107,  ??????,600107,  ??????,  1997-11-06
600108,  ????????,600108,  ????????,  1997-08-18
600109,  ????????,600109,  ????????,  1997-08-07
600110,  ????????,600110,  ????????,  1997-10-07
600111,  ????????,600111,  ????????,  1997-09-24
600112,  *ST????,600112,  *ST????,  1997-11-27
600113,  ????????,600113,  ????????,  1997-10-21
600114,  ????????,600114,  ????????,  2004-05-11
600115,  ????????,600115,  ????????,  1997-11-05
600116,  ????????,600116,  ????????,  1997-08-04
600117,  ????????,600117,  ????????,  1997-10-15
600118,  ????????,600118,  ????????,  1997-09-08
600119,  ????????,600119,  ????????,  1998-01-15
600120,  ????????,600120,  ????????,  1997-12-01
600121,  ????????,600121,  ????????,  1998-01-07
600122,  ST????,600122,  ST????,  1998-04-20
600123,  ????????,600123,  ????????,  1998-12-17
600125,  ????????,600125,  ????????,  1998-05-11
600126,  ????????,600126,  ????????,  1998-03-11
600127,  ????????,600127,  ????????,  1998-05-06
600128,  ????????,600128,  ????????,  1997-09-01
600129,  ????????,600129,  ????????,  1997-11-18
600130,  ????????,600130,  ????????,  2000-07-06
600131,  ????????,600131,  ????????,  1998-04-02
600132,  ????????,600132,  ????????,  1997-10-30
600133,  ????????,600133,  ????????,  1998-02-12
600135,  ????????,600135,  ????????,  1998-01-22
600136,  ????????,600136,  ????????,  1998-03-03
600137,  ????????,600137,  ????????,  1998-04-16
600138,  ??????,600138,  ??????,  1997-12-03
600139,  ST????,600139,  ST????,  1998-02-25
600141,  ????????,600141,  ????????,  1999-06-16
600143,  ????????,600143,  ????????,  2004-06-23
600145,  *ST????,600145,  *ST????,  1999-09-23
600146,  *ST????,600146,  *ST????,  1999-07-07
600148,  ????????,600148,  ????????,  1998-05-20
600149,  ????????,600149,  ????????,  1999-10-14
600150,  ????????,600150,  ????????,  1998-05-20
600151,  ????????,600151,  ????????,  1998-06-05
600152,  ????????,600152,  ????????,  1998-06-09
600153,  ????????,600153,  ????????,  1998-06-16
600155,  ????????,600155,  ????????,  1998-09-18
600156,  ????????,600156,  ????????,  1998-05-27
600157,  ????????,600157,  ????????,  1998-05-13
600158,  ????????,600158,  ????????,  1998-03-27
600159,  ????????,600159,  ????????,  1998-05-26
600160,  ????????,600160,  ????????,  1998-06-26
600161,  ????????,600161,  ????????,  1998-06-16
600162,  ????????,600162,  ????????,  1998-06-09
600163,  ????????,600163,  ????????,  1998-06-02
600165,  ????????,600165,  ????????,  1998-05-29
600166,  ????????,600166,  ????????,  1998-06-02
600167,  ????????,600167,  ????????,  1999-01-28
600168,  ????????,600168,  ????????,  1998-04-27
600169,  ????????,600169,  ????????,  1998-09-04
600170,  ????????,600170,  ????????,  1998-06-23
600171,  ????????,600171,  ????????,  1998-09-24
600172,  ????????,600172,  ????????,  1998-11-26
600173,  ????????,600173,  ????????,  1999-04-15
600176,  ????????,600176,  ????????,  1999-04-22
600177,  ??????,600177,  ??????,  1998-11-19
600178,  ????????,600178,  ????????,  1998-10-14
600179,  ????????,600179,  ????????,  1998-11-04
600180,  ??????,600180,  ??????,  1998-07-03
600182,  SST????,600182,  SST????,  1999-05-07
600183,  ????????,600183,  ????????,  1998-10-28
600184,  ????????,600184,  ????????,  2003-11-06
600185,  ????????,600185,  ????????,  1999-06-11
600186,  ????????,600186,  ????????,  1998-08-25
600187,  ????????,600187,  ????????,  1998-11-11
600188,  ????????,600188,  ????????,  1998-07-01
600189,  ??????,600189,  ??????,  1998-10-07
600190,  ??????,600190,  ??????,  1999-06-09
600191,  *ST????,600191,  *ST????,  1998-12-10
600192,  ????????,600192,  ????????,  1998-12-24
600193,  ????????,600193,  ????????,  1999-05-27
600195,  ????????,600195,  ????????,  1999-01-07
600196,  ????????,600196,  ????????,  1998-08-07
600197,  ??????,600197,  ??????,  1999-09-16
600198,  *ST????,600198,  *ST????,  1998-10-21
600199,  ????????,600199,  ????????,  1998-08-12
600200,  ????????,600200,  ????????,  1999-04-01
600201,  ????????,600201,  ????????,  1999-01-15
600202,  ??????,600202,  ??????,  1999-06-03
600203,  ????????,600203,  ????????,  1999-05-14
600206,  ????????,600206,  ????????,  1999-03-19
600207,  ????????,600207,  ????????,  1999-07-14
600208,  ????????,600208,  ????????,  1999-06-23
600209,  *ST????,600209,  *ST????,  1999-03-25
600210,  ????????,600210,  ????????,  1999-08-24
600211,  ????????,600211,  ????????,  1999-07-21
600212,  ????????,600212,  ????????,  1999-08-17
600213,  ????????,600213,  ????????,  1999-08-31
600215,  ??????,600215,  ??????,  1999-09-09
600216,  ????????,600216,  ????????,  1999-10-21
600217,  ????????,600217,  ????????,  1999-12-16
600218,  ????????,600218,  ????????,  1998-12-03
600219,  ????????,600219,  ????????,  1999-12-23
600220,  ????????,600220,  ????????,  1999-09-27
600221,  *ST????,600221,  *ST????,  1999-11-25
600222,  ????????,600222,  ????????,  1999-11-05
600223,  ????????,600223,  ????????,  2000-01-13
600225,  *ST????,600225,  *ST????,  2000-01-27
600226,  ST????,600226,  ST????,  1999-11-16
600227,  ??????,600227,  ??????,  2000-02-21
600228,  ????????,600228,  ????????,  1999-01-19
600229,  ????????,600229,  ????????,  2000-03-09
600230,  ????????,600230,  ????????,  2000-04-06
600231,  ????????,600231,  ????????,  2000-05-11
600232,  ????????,600232,  ????????,  2000-06-02
600233,  ????????,600233,  ????????,  2000-06-08
600234,  ????????,600234,  ????????,  2000-06-15
600235,  ????????,600235,  ????????,  2000-06-15
600236,  ????????,600236,  ????????,  2000-03-23
600237,  ????????,600237,  ????????,  2000-06-09
600238,  ????????,600238,  ????????,  2000-01-20
600239,  *ST ????,600239,  *ST ????,  1999-12-02
600241,  ST????,600241,  ST????,  2000-11-28
600242,  ST????,600242,  ST????,  2000-12-07
600243,  ????????,600243,  ????????,  2000-11-20
600246,  ????????,600246,  ????????,  2000-09-22
600248,  ????????,600248,  ????????,  2000-06-22
600249,  ??????,600249,  ??????,  2004-01-30
600250,  ????????,600250,  ????????,  2001-03-06
600251,  ????????,600251,  ????????,  2003-06-09
600252,  ????????,600252,  ????????,  2000-11-30
600255,  ????????,600255,  ????????,  2000-11-22
600256,  ????????,600256,  ????????,  2000-05-26
600257,  ????????,600257,  ????????,  2000-06-12
600258,  ????????,600258,  ????????,  2000-06-01
600259,  ????????,600259,  ????????,  2000-05-25
600260,  ST????,600260,  ST????,  2000-07-06
600261,  ????????,600261,  ????????,  2000-07-20
600262,  ????????,600262,  ????????,  2000-06-30
600265,  *ST????,600265,  *ST????,  2000-08-25
600266,  ????????,600266,  ????????,  1999-02-03
600267,  ????????,600267,  ????????,  2000-07-25
600268,  ????????,600268,  ????????,  1999-11-18
600269,  ????????,600269,  ????????,  2000-05-18
600271,  ????????,600271,  ????????,  2003-07-11
600272,  ????????,600272,  ????????,  1997-01-08
600273,  ????????,600273,  ????????,  2003-06-27
600275,  *ST????,600275,  *ST????,  2000-08-10
600276,  ????????,600276,  ????????,  2000-10-18
600277,  ????????,600277,  ????????,  2000-07-25
600278,  ????????,600278,  ????????,  2000-07-12
600279,  ??????,600279,  ??????,  2000-07-31
600280,  ????????,600280,  ????????,  2000-09-26
600281,  ????????,600281,  ????????,  2000-11-09
600282,  ????????,600282,  ????????,  2000-09-19
600283,  ????????,600283,  ????????,  2000-10-18
600284,  ????????,600284,  ????????,  2004-03-16
600285,  ????????,600285,  ????????,  2000-10-18
600287,  ????????,600287,  ????????,  2000-09-01
600288,  ????????,600288,  ????????,  2000-11-29
600289,  ST????,600289,  ST????,  2000-07-20
600290,  ST????,600290,  ST????,  2000-11-06
600291,  *ST????,600291,  *ST????,  2000-07-31
600292,  ????????,600292,  ????????,  2000-11-01
600293,  ????????,600293,  ????????,  2000-09-19
600295,  ????????,600295,  ????????,  1995-10-20
600297,  ????????,600297,  ????????,  2000-11-16
600298,  ????????,600298,  ????????,  2000-08-18
600299,  ??????,600299,  ??????,  2000-04-20
600300,  ST????,600300,  ST????,  2000-06-30
600301,  *ST????,600301,  *ST????,  2000-07-12
600302,  ????????,600302,  ????????,  2000-12-13
600303,  ????????,600303,  ????????,  2000-12-26
600305,  ????????,600305,  ????????,  2001-02-06
600306,  *ST????,600306,  *ST????,  2000-12-26
600307,  ????????,600307,  ????????,  2000-12-20
600308,  ????????,600308,  ????????,  2000-09-28
600309,  ????????,600309,  ????????,  2000-01-05
600310,  ????????,600310,  ????????,  2001-02-28
600311,  ST????,600311,  ST????,  2001-06-26
600312,  ????????,600312,  ????????,  2001-02-21
600313,  ????????,600313,  ????????,  2001-01-19
600315,  ????????,600315,  ????????,  2001-03-15
600316,  ????????,600316,  ????????,  2000-12-15
600318,  ????????,600318,  ????????,  2000-12-08
600319,  *ST????,600319,  *ST????,  2001-03-26
600320,  ????????,600320,  ????????,  2000-12-21
600321,  ????????,600321,  ????????,  2001-05-24
600322,  ????????,600322,  ????????,  2001-09-10
600323,  ????????,600323,  ????????,  2000-12-25
600325,  ????????,600325,  ????????,  2004-02-25
600326,  ????????,600326,  ????????,  2001-01-16
600327,  ??????,600327,  ??????,  2002-06-25
600328,  ????????,600328,  ????????,  2000-12-22
600329,  ????????,600329,  ????????,  2001-06-06
600330,  ????????,600330,  ????????,  2001-01-18
600331,  ????????,600331,  ????????,  2001-12-20
600332,  ??????,600332,  ??????,  2001-02-06
600333,  ????????,600333,  ????????,  2000-12-11
600335,  ????????,600335,  ????????,  2001-03-05
600336,  ??????,600336,  ??????,  2000-12-29
600337,  ????????,600337,  ????????,  2000-11-27
600338,  ????????,600338,  ????????,  2000-12-27
600339,  ????????,600339,  ????????,  2000-12-25
600340,  ????????,600340,  ????????,  2003-12-30
600343,  ????????,600343,  ????????,  2003-04-08
600345,  ????????,600345,  ????????,  2000-12-22
600346,  ????????,600346,  ????????,  2001-08-20
600348,  ????????,600348,  ????????,  2003-08-21
600350,  ????????,600350,  ????????,  2002-03-18
600351,  ????????,600351,  ????????,  2002-09-26
600352,  ????????,600352,  ????????,  2003-08-01
600353,  ????????,600353,  ????????,  2002-11-20
600354,  ????????,600354,  ????????,  2004-01-15
600355,  ????????,600355,  ????????,  2002-06-13
600356,  ????????,600356,  ????????,  2001-04-19
600358,  ????????,600358,  ????????,  2000-09-22
600359,  ????????,600359,  ????????,  1999-04-29
600360,  ????????,600360,  ????????,  2001-03-16
600361,  ????????,600361,  ????????,  2001-11-29
600362,  ????????,600362,  ????????,  2002-01-11
600363,  ????????,600363,  ????????,  2001-03-29
600365,  ST????,600365,  ST????,  2001-01-15
600366,  ????????,600366,  ????????,  2000-10-30
600367,  ????????,600367,  ????????,  2001-03-20
600368,  ????????,600368,  ????????,  2000-12-21
600369,  ????????,600369,  ????????,  2001-01-09
600370,  ??????,600370,  ??????,  2003-03-06
600371,  ????????,600371,  ????????,  2002-09-16
600372,  ????????,600372,  ????????,  2001-07-06
600373,  ????????,600373,  ????????,  2002-03-04
600375,  ????????,600375,  ????????,  2003-04-01
600376,  ????????,600376,  ????????,  2001-03-12
600377,  ????????,600377,  ????????,  2001-01-16
600378,  ????????,600378,  ????????,  2001-01-11
600379,  ????????,600379,  ????????,  2002-01-16
600380,  ??????,600380,  ??????,  2001-06-08
600381,  ????????,600381,  ????????,  2001-05-08
600382,  *ST????,600382,  *ST????,  2001-01-18
600383,  ????????,600383,  ????????,  2001-04-12
600385,  *ST????,600385,  *ST????,  2001-07-23
600386,  ????????,600386,  ????????,  2001-02-16
600387,  ST????,600387,  ST????,  2004-02-18
600388,  ????????,600388,  ????????,  2000-12-29
600389,  ????????,600389,  ????????,  2001-01-10
600390,  ????????,600390,  ????????,  2001-01-15
600391,  ????????,600391,  ????????,  2001-12-12
600392,  ????????,600392,  ????????,  2003-05-29
600393,  ST????,600393,  ST????,  2001-03-19
600395,  ????????,600395,  ????????,  2001-05-31
600396,  ????????,600396,  ????????,  2001-03-28
600397,  ????????,600397,  ????????,  2002-07-02
600398,  ????????,600398,  ????????,  2000-12-28
600399,  ????????,600399,  ????????,  2000-12-29
600400,  ????????,600400,  ????????,  2001-01-08
600403,  ST????,600403,  ST????,  2003-10-09
600405,  ??????,600405,  ??????,  2004-04-01
600406,  ????????,600406,  ????????,  2003-10-16
600408,  ST????,600408,  ST????,  2003-02-12
600409,  ????????,600409,  ????????,  2003-06-18
600410,  ????????,600410,  ????????,  2004-04-27
600415,  ????????,600415,  ????????,  2002-05-09
600416,  ????????,600416,  ????????,  2002-07-18
600418,  ????????,600418,  ????????,  2001-08-24
600419,  ????????,600419,  ????????,  2001-06-28
600420,  ????????,600420,  ????????,  2004-06-16
600421,  ????????,600421,  ????????,  2004-06-07
600422,  ????????,600422,  ????????,  2000-12-06
600423,  ????????,600423,  ????????,  2003-07-17
600425,  ????????,600425,  ????????,  2003-07-24
600426,  ????????,600426,  ????????,  2002-06-20
600428,  ????????,600428,  ????????,  2002-04-18
600429,  ????????,600429,  ????????,  2003-09-15
600433,  ????????,600433,  ????????,  2003-06-19
600435,  ????????,600435,  ????????,  2003-07-04
600436,  ??????,600436,  ??????,  2003-06-16
600438,  ????????,600438,  ????????,  2004-03-02
600439,  ??????,600439,  ??????,  2003-07-10
600444,  ????????,600444,  ????????,  2004-02-19
600446,  ????????,600446,  ????????,  2003-12-24
600448,  ????????,600448,  ????????,  2001-09-03
600449,  ????????,600449,  ????????,  2003-08-29
600452,  ????????,600452,  ????????,  2004-03-03
600455,  ????????,600455,  ????????,  2004-03-29
600456,  ????????,600456,  ????????,  2002-04-12
600458,  ????????,600458,  ????????,  2002-12-19
600459,  ????????,600459,  ????????,  2003-05-16
600460,  ??????,600460,  ??????,  2003-03-11
600461,  ????????,600461,  ????????,  2004-06-01
600462,  ST????,600462,  ST????,  2003-09-03
600463,  ????????,600463,  ????????,  2004-03-18
600466,  ????????,600466,  ????????,  2001-02-12
600467,  ??????,600467,  ??????,  2004-04-05
600468,  ????????,600468,  ????????,  2001-06-15
600469,  ????????,600469,  ????????,  2003-10-21
600470,  ????????,600470,  ????????,  2004-03-05
600475,  ????????,600475,  ????????,  2003-07-21
600476,  ????????,600476,  ????????,  2003-12-10
600477,  ????????,600477,  ????????,  2003-11-10
600478,  ??????,600478,  ??????,  2003-09-18
600479,  ????????,600479,  ????????,  2004-03-12
600480,  ????????,600480,  ????????,  2003-08-15
600481,  ????????,600481,  ????????,  2003-04-22
600482,  ????????,600482,  ????????,  2004-07-14
600483,  ????????,600483,  ????????,  2004-05-31
600486,  ????????,600486,  ????????,  2002-04-25
600487,  ????????,600487,  ????????,  2003-08-22
600488,  ????????,600488,  ????????,  2001-06-18
600489,  ????????,600489,  ????????,  2003-08-14
600490,  ????????,600490,  ????????,  2003-06-26
600491,  ????????,600491,  ????????,  2004-05-24
600493,  ????????,600493,  ????????,  2004-04-21
600495,  ????????,600495,  ????????,  2004-05-26
600496,  ????????,600496,  ????????,  2002-06-05
600497,  ????????,600497,  ????????,  2004-04-20
600498,  ????????,600498,  ????????,  2001-08-23
600499,  ????????,600499,  ????????,  2002-10-10
600500,  ????????,600500,  ????????,  2000-03-01
600501,  ????????,600501,  ????????,  2001-06-15
600502,  ????????,600502,  ????????,  2003-04-15
600503,  ????????,600503,  ????????,  2002-07-09
600505,  ????????,600505,  ????????,  2002-05-30
600506,  *ST????,600506,  *ST????,  2001-12-26
600507,  ????????,600507,  ????????,  2003-09-30
600508,  ????????,600508,  ????????,  2001-08-29
600509,  ????????,600509,  ????????,  2002-02-28
600510,  ??????,600510,  ??????,  2002-06-18
600511,  ????????,600511,  ????????,  2002-11-27
600512,  ????????,600512,  ????????,  2002-12-26
600513,  ????????,600513,  ????????,  2003-03-19
600515,  *ST????,600515,  *ST????,  2002-08-06
600516,  ????????,600516,  ????????,  2002-08-30
600517,  ????????,600517,  ????????,  2003-10-10
600518,  *ST????,600518,  *ST????,  2001-03-19
600519,  ????????,600519,  ????????,  2001-08-27
600520,  ????????,600520,  ????????,  2002-01-08
600521,  ????????,600521,  ????????,  2003-03-04
600522,  ????????,600522,  ????????,  2002-10-24
600523,  ????????,600523,  ????????,  2001-12-27
600525,  ????????,600525,  ????????,  2002-12-02
600526,  ????????,600526,  ????????,  2002-07-22
600527,  ????????,600527,  ????????,  2003-11-27
600528,  ????????,600528,  ????????,  2001-05-28
600529,  ????????,600529,  ????????,  2002-06-03
600530,  ????????,600530,  ????????,  2001-07-02
600531,  ????????,600531,  ????????,  2002-07-30
600532,  ????????,600532,  ????????,  2002-10-31
600533,  ????????,600533,  ????????,  2002-03-28
600535,  ??????,600535,  ??????,  2002-08-23
600536,  ????????,600536,  ????????,  2002-05-17
600537,  ????????,600537,  ????????,  2003-01-23
600538,  ????????,600538,  ????????,  2003-01-14
600539,  ????????,600539,  ????????,  2001-08-24
600540,  ????????,600540,  ????????,  2004-01-07
600543,  ????????,600543,  ????????,  2004-03-24
600545,  ????????,600545,  ????????,  2003-12-03
600546,  ????????,600546,  ????????,  2003-07-31
600547,  ????????,600547,  ????????,  2003-08-28
600548,  ??????,600548,  ??????,  2001-12-25
600549,  ????????,600549,  ????????,  2002-11-07
600550,  ????????,600550,  ????????,  2001-02-28
600551,  ????????,600551,  ????????,  2002-09-05
600552,  ????????,600552,  ????????,  2002-11-08
600555,  *ST????,600555,  *ST????,  2001-03-28
600556,  ??????,600556,  ??????,  2001-08-07
600557,  ????????,600557,  ????????,  2002-09-18
600558,  ??????,600558,  ??????,  2001-02-27
600559,  ????????,600559,  ????????,  2002-10-29
600560,  ????????,600560,  ????????,  2002-09-19
600561,  ????????,600561,  ????????,  2002-07-16
600562,  ????????,600562,  ????????,  2003-01-28
600563,  ????????,600563,  ????????,  2002-12-10
600565,  ????????,600565,  ????????,  2002-07-23
600566,  ????????,600566,  ????????,  2001-08-22
600567,  ????????,600567,  ????????,  2001-12-18
600568,  ST????,600568,  ST????,  2001-05-18
600569,  ????????,600569,  ????????,  2001-08-20
600570,  ????????,600570,  ????????,  2003-12-16
600571,  ??????,600571,  ??????,  2002-11-01
600572,  ??????,600572,  ??????,  2004-04-12
600573,  ????????,600573,  ????????,  2003-02-26
600575,  ????????,600575,  ????????,  2003-03-28
600576,  ????????,600576,  ????????,  2003-02-20
600577,  ????????,600577,  ????????,  2002-09-11
600578,  ????????,600578,  ????????,  2002-05-10
600579,  ??????,600579,  ??????,  2002-08-09
600580,  ????????,600580,  ????????,  2002-06-06
600581,  ????????,600581,  ????????,  2002-08-16
600582,  ????????,600582,  ????????,  2002-05-15
600583,  ????????,600583,  ????????,  2002-02-05
600584,  ????????,600584,  ????????,  2003-06-03
600585,  ????????,600585,  ????????,  2002-02-07
600586,  ????????,600586,  ????????,  2002-08-15
600587,  ????????,600587,  ????????,  2002-09-27
600588,  ????????,600588,  ????????,  2001-05-18
600589,  ST????,600589,  ST????,  2001-06-12
600590,  ????????,600590,  ????????,  2002-07-03
600592,  ????????,600592,  ????????,  2002-08-05
600593,  *ST????,600593,  *ST????,  2002-07-11
600594,  ????????,600594,  ????????,  2004-03-23
600595,  *ST????,600595,  *ST????,  2002-06-26
600596,  ????????,600596,  ????????,  2001-09-06
600597,  ????????,600597,  ????????,  2002-08-28
600598,  ??????,600598,  ??????,  2002-03-29
600599,  ST????,600599,  ST????,  2001-08-28
600600,  ????????,600600,  ????????,  1993-08-27
600601,  ST????,600601,  ST????,  1990-12-19
600602,  ????????,600602,  ????????,  1990-12-19
600603,  ????????,600603,  ????????,  1992-01-13
600604,  ????????,600604,  ????????,  1992-03-27
600605,  ????????,600605,  ????????,  1992-03-27
600606,  ????????,600606,  ????????,  1992-03-27
600608,  ST????,600608,  ST????,  1992-03-27
600609,  ????????,600609,  ????????,  1992-07-24
600610,  ??????,600610,  ??????,  1992-08-05
600611,  ????????,600611,  ????????,  1992-08-07
600612,  ??????,600612,  ??????,  1992-08-14
600613,  ????????,600613,  ????????,  1992-08-20
600615,  *ST????,600615,  *ST????,  1992-09-10
600616,  ????????,600616,  ????????,  1992-09-29
600617,  ????????,600617,  ????????,  1992-10-13
600618,  ????????,600618,  ????????,  1992-11-13
600619,  ????????,600619,  ????????,  1992-11-13
600620,  ????????,600620,  ????????,  1992-11-17
600621,  ????????,600621,  ????????,  1992-12-02
600622,  ????????,600622,  ????????,  1992-12-03
600623,  ????????,600623,  ????????,  1992-12-04
600624,  ????????,600624,  ????????,  1993-01-05
600626,  ????????,600626,  ????????,  1993-01-07
600628,  ??????,600628,  ??????,  1993-01-09
600629,  ????????,600629,  ????????,  1993-02-09
600630,  ????????,600630,  ????????,  1993-02-09
600633,  ????????,600633,  ????????,  1993-03-04
600635,  ????????,600635,  ????????,  1993-03-04
600636,  ????????,600636,  ????????,  1993-03-16
600637,  ????????,600637,  ????????,  1993-03-16
600638,  ??????,600638,  ??????,  1993-03-26
600639,  ????????,600639,  ????????,  1993-03-26
600640,  ??????,600640,  ??????,  1993-04-07
600641,  ????????,600641,  ????????,  1993-04-07
600642,  ????????,600642,  ????????,  1993-04-16
600643,  ????????,600643,  ????????,  1993-04-26
600644,  ????????,600644,  ????????,  1993-04-26
600645,  ????????,600645,  ????????,  1993-05-04
600647,  ????????,600647,  ????????,  1993-05-04
600648,  ??????,600648,  ??????,  1993-05-04
600649,  ????????,600649,  ????????,  1993-05-18
600650,  ????????,600650,  ????????,  1993-06-07
600651,  ????????,600651,  ????????,  1986-09-26
600652,  *ST????,600652,  *ST????,  1990-12-19
600653,  ????????,600653,  ????????,  1990-12-19
600654,  ST????,600654,  ST????,  1990-12-19
600655,  ????????,600655,  ????????,  1992-09-02
600657,  ????????,600657,  ????????,  1993-05-24
600658,  ??????,600658,  ??????,  1993-05-24
600660,  ????????,600660,  ????????,  1993-06-10
600661,  ????????,600661,  ????????,  1993-06-14
600662,  ????????,600662,  ????????,  1993-06-14
600663,  ??????,600663,  ??????,  1993-06-28
600664,  ????????,600664,  ????????,  1993-06-29
600665,  ??????,600665,  ??????,  1993-07-09
600666,  ST????,600666,  ST????,  1993-07-12
600667,  ????????,600667,  ????????,  1993-07-28
600668,  ????????,600668,  ????????,  1993-07-28
600671,  ST????,600671,  ST????,  1993-08-23
600673,  ??????,600673,  ??????,  1993-09-17
600674,  ????????,600674,  ????????,  1993-09-24
600675,  ????????,600675,  ????????,  1993-09-24
600676,  ????????,600676,  ????????,  1993-09-28
600678,  ????????,600678,  ????????,  1993-10-08
600679,  ????????,600679,  ????????,  1993-10-08
600681,  ????????,600681,  ????????,  1993-10-18
600682,  ????????,600682,  ????????,  1993-10-18
600683,  ????????,600683,  ????????,  1993-10-25
600684,  ????????,600684,  ????????,  1993-10-28
600685,  ????????,600685,  ????????,  1993-10-28
600686,  ????????,600686,  ????????,  1993-11-08
600688,  ????????,600688,  ????????,  1993-11-08
600689,  ????????,600689,  ????????,  1993-11-08
600690,  ????????,600690,  ????????,  1993-11-19
600691,  ????????,600691,  ????????,  1993-11-19
600692,  ????????,600692,  ????????,  1993-11-19
600693,  ????????,600693,  ????????,  1993-11-22
600694,  ????????,600694,  ????????,  1993-11-22
600695,  *ST????,600695,  *ST????,  1993-11-22
600696,  ????????,600696,  ????????,  1993-12-06
600697,  ????????,600697,  ????????,  1993-12-06
600698,  ????????,600698,  ????????,  1993-12-06
600699,  ????????,600699,  ????????,  1993-12-06
600702,  ????????,600702,  ????????,  1996-05-24
600703,  ????????,600703,  ????????,  1996-05-28
600704,  ????????,600704,  ????????,  1996-06-06
600705,  ????????,600705,  ????????,  1996-05-16
600706,  ????????,600706,  ????????,  1996-05-16
600707,  ????????,600707,  ????????,  1996-05-20
600708,  ????????,600708,  ????????,  1996-06-06
600710,  ??????,600710,  ??????,  1996-07-01
600711,  ????????,600711,  ????????,  1996-05-31
600712,  ????????,600712,  ????????,  1996-06-26
600713,  ????????,600713,  ????????,  1996-07-01
600714,  ????????,600714,  ????????,  1996-06-06
600715,  ????????,600715,  ????????,  1996-07-01
600716,  ????????,600716,  ????????,  1996-07-02
600717,  ??????,600717,  ??????,  1996-06-14
600718,  ????????,600718,  ????????,  1996-06-18
600719,  ????????,600719,  ????????,  1996-07-16
600720,  ??????,600720,  ??????,  1996-07-16
600721,  *ST????,600721,  *ST????,  1996-06-26
600722,  ????????,600722,  ????????,  1996-06-26
600724,  ????????,600724,  ????????,  1996-07-16
600725,  ????????,600725,  ????????,  1996-07-02
600726,  ????????,600726,  ????????,  1996-07-01
600727,  ????????,600727,  ????????,  1996-07-02
600728,  ????????,600728,  ????????,  1996-07-16
600729,  ????????,600729,  ????????,  1996-07-02
600730,  ????????,600730,  ????????,  1996-07-26
600731,  ????????,600731,  ????????,  1996-08-02
600732,  ????????,600732,  ????????,  1996-08-16
600733,  ????????,600733,  ????????,  1996-08-16
600734,  *ST????,600734,  *ST????,  1996-08-08
600735,  ??????,600735,  ??????,  1996-07-26
600736,  ????????,600736,  ????????,  1996-08-15
600737,  ????????,600737,  ????????,  1996-07-31
600738,  ????????,600738,  ????????,  1996-08-02
600739,  ????????,600739,  ????????,  1996-08-19
600740,  ????????,600740,  ????????,  1996-08-08
600741,  ????????,600741,  ????????,  1996-08-26
600742,  ????????,600742,  ????????,  1996-08-26
600743,  ????????,600743,  ????????,  1996-09-09
600744,  ????????,600744,  ????????,  1996-09-05
600745,  ????????,600745,  ????????,  1996-08-28
600746,  ????????,600746,  ????????,  1996-09-18
600748,  ????????,600748,  ????????,  1996-09-25
600749,  ????????,600749,  ????????,  1996-10-15
600750,  ????????,600750,  ????????,  1996-09-23
600751,  ????????,600751,  ????????,  1996-09-09
600753,  ????????,600753,  ????????,  1996-09-27
600754,  ????????,600754,  ????????,  1996-10-11
600755,  ????????,600755,  ????????,  1996-10-03
600756,  ????????,600756,  ????????,  1996-09-23
600757,  ????????,600757,  ????????,  1996-10-03
600758,  ????????,600758,  ????????,  1996-10-29
600759,  ????????,600759,  ????????,  1996-10-08
600760,  ????????,600760,  ????????,  1996-10-11
600761,  ????????,600761,  ????????,  1996-10-09
600763,  ????????,600763,  ????????,  1996-10-30
600764,  ????????,600764,  ????????,  1996-11-04
600765,  ????????,600765,  ????????,  1996-11-06
600766,  *ST????,600766,  *ST????,  1996-10-28
600767,  ????????,600767,  ????????,  1996-11-15
600768,  ????????,600768,  ????????,  1996-11-11
600769,  ????????,600769,  ????????,  1996-11-01
600770,  ????????,600770,  ????????,  1996-11-20
600771,  ??????,600771,  ??????,  1996-11-05
600773,  ????????,600773,  ????????,  1996-11-08
600774,  ????????,600774,  ????????,  1996-11-08
600775,  ????????,600775,  ????????,  1996-11-18
600776,  ????????,600776,  ????????,  1996-11-26
600777,  ????????,600777,  ????????,  1996-11-21
600778,  ????????,600778,  ????????,  1996-12-03
600779,  ??????,600779,  ??????,  1996-12-06
600780,  ????????,600780,  ????????,  1996-12-05
600781,  ST????,600781,  ST????,  1996-12-18
600782,  ????????,600782,  ????????,  1996-12-25
600783,  ????????,600783,  ????????,  1996-12-25
600784,  ????????,600784,  ????????,  1996-12-25
600785,  ????????,600785,  ????????,  1997-01-08
600787,  ????????,600787,  ????????,  1997-01-21
600789,  ????????,600789,  ????????,  1997-02-26
600790,  ??????,600790,  ??????,  1997-02-28
600791,  ????????,600791,  ????????,  1997-01-30
600792,  ????????,600792,  ????????,  1997-01-23
600793,  ????????,600793,  ????????,  1997-02-20
600794,  ????????,600794,  ????????,  1997-03-06
600795,  ????????,600795,  ????????,  1997-03-18
600796,  ????????,600796,  ????????,  1997-04-08
600797,  ????????,600797,  ????????,  1997-04-18
600798,  ????????,600798,  ????????,  1997-04-23
600800,  ????????,600800,  ????????,  1993-12-06
600801,  ????????,600801,  ????????,  1994-01-03
600802,  ????????,600802,  ????????,  1994-01-03
600803,  ????????,600803,  ????????,  1994-01-03
600804,  ??????,600804,  ??????,  1994-01-03
600805,  ????????,600805,  ????????,  1994-01-03
600807,  ????????,600807,  ????????,  1994-01-03
600808,  ????????,600808,  ????????,  1994-01-06
600809,  ????????,600809,  ????????,  1994-01-06
600810,  ????????,600810,  ????????,  1994-01-06
600811,  ????????,600811,  ????????,  1994-01-06
600812,  ????????,600812,  ????????,  1994-01-14
600814,  ????????,600814,  ????????,  1994-01-14
600815,  ????????,600815,  ????????,  1994-01-28
600816,  ST????,600816,  ST????,  1994-01-28
600817,  ????????,600817,  ????????,  1994-01-28
600818,  ????????,600818,  ????????,  1994-01-28
600819,  ????????,600819,  ????????,  1994-01-28
600820,  ????????,600820,  ????????,  1994-01-28
600821,  ????????,600821,  ????????,  1994-01-28
600822,  ????????,600822,  ????????,  1994-02-04
600823,  ????????,600823,  ????????,  1994-02-04
600824,  ????????,600824,  ????????,  1994-02-04
600825,  ????????,600825,  ????????,  1994-02-04
600826,  ????????,600826,  ????????,  1994-02-04
600827,  ????????,600827,  ????????,  1994-02-04
600828,  ????????,600828,  ????????,  1994-02-24
600829,  ????????,600829,  ????????,  1994-02-24
600830,  ????????,600830,  ????????,  1994-02-24
600831,  ????????,600831,  ????????,  1994-02-24
600833,  ????????,600833,  ????????,  1994-02-24
600834,  ????????,600834,  ????????,  1994-02-24
600835,  ????????,600835,  ????????,  1994-02-24
600836,  ????????,600836,  ????????,  1994-02-24
600837,  ????????,600837,  ????????,  1994-02-24
600838,  ????????,600838,  ????????,  1994-02-24
600839,  ????????,600839,  ????????,  1994-03-11
600841,  ????????,600841,  ????????,  1994-03-11
600843,  ????????,600843,  ????????,  1994-03-11
600844,  ????????,600844,  ????????,  1994-03-11
600845,  ????????,600845,  ????????,  1994-03-11
600846,  ????????,600846,  ????????,  1994-03-11
600847,  ????????,600847,  ????????,  1994-03-24
600848,  ????????,600848,  ????????,  1994-03-24
600850,  ????????,600850,  ????????,  1994-03-24
600851,  ????????,600851,  ????????,  1994-04-04
600853,  ????????,600853,  ????????,  1994-04-04
600854,  ????????,600854,  ????????,  1994-04-25
600855,  ????????,600855,  ????????,  1994-04-25
600856,  *ST????,600856,  *ST????,  1994-04-25
600857,  ????????,600857,  ????????,  1994-04-25
600858,  ????????,600858,  ????????,  1994-05-06
600859,  ??????,600859,  ??????,  1994-05-06
600860,  ????????,600860,  ????????,  1994-05-06
600861,  ????????,600861,  ????????,  1994-05-20
600862,  ????????,600862,  ????????,  1994-05-20
600863,  ????????,600863,  ????????,  1994-05-20
600864,  ????????,600864,  ????????,  1994-08-09
600865,  ????????,600865,  ????????,  1994-08-09
600866,  ????????,600866,  ????????,  1994-08-18
600867,  ????????,600867,  ????????,  1994-08-24
600868,  ????????,600868,  ????????,  1994-09-12
600869,  ????????,600869,  ????????,  1995-02-06
600870,  *ST????,600870,  *ST????,  1995-02-28
600871,  ????????,600871,  ????????,  1995-04-11
600872,  ????????,600872,  ????????,  1995-01-24
600873,  ????????,600873,  ????????,  1995-02-17
600874,  ????????,600874,  ????????,  1995-06-30
600875,  ????????,600875,  ????????,  1995-10-10
600876,  ????????,600876,  ????????,  1995-10-31
600877,  ????????,600877,  ????????,  1995-10-13
600879,  ????????,600879,  ????????,  1995-11-15
600880,  ????????,600880,  ????????,  1995-11-15
600881,  ????????,600881,  ????????,  1995-11-15
600882,  ????????,600882,  ????????,  1995-12-06
600883,  ????????,600883,  ????????,  1995-12-08
600884,  ????????,600884,  ????????,  1996-01-30
600885,  ????????,600885,  ????????,  1996-02-05
600886,  ????????,600886,  ????????,  1996-01-18
600887,  ????????,600887,  ????????,  1996-03-12
600888,  ????????,600888,  ????????,  1996-02-15
600889,  ????????,600889,  ????????,  1996-03-08
600890,  *ST????,600890,  *ST????,  1996-03-18
600892,  ????????,600892,  ????????,  1996-03-15
600893,  ????????,600893,  ????????,  1996-04-08
600894,  ????????,600894,  ????????,  1996-03-28
600895,  ????????,600895,  ????????,  1996-04-22
600896,  *ST????,600896,  *ST????,  1996-05-03
600897,  ????????,600897,  ????????,  1996-05-31
600898,  ST????,600898,  ST????,  1996-04-18
600900,  ????????,600900,  ????????,  2003-11-18
600901,  ????????,600901,  ????????,  2018-03-01
600903,  ????????,600903,  ????????,  2017-11-07
600905,  ????????,600905,  ????????,  2021-06-10
600906,  ????????,600906,  ????????,  2021-05-07
600908,  ????????,600908,  ????????,  2016-09-23
600909,  ????????,600909,  ????????,  2016-12-06
600916,  ????????,600916,  ????????,  2021-02-05
600917,  ????????,600917,  ????????,  2014-09-30
600918,  ????????,600918,  ????????,  2020-06-03
600919,  ????????,600919,  ????????,  2016-08-02
600926,  ????????,600926,  ????????,  2016-10-27
600927,  ????????,600927,  ????????,  2021-12-23
600928,  ????????,600928,  ????????,  2019-03-01
600929,  ????????,600929,  ????????,  2018-03-26
600933,  ??????,600933,  ??????,  2017-11-17
600935,  ????????,600935,  ????????,  2021-11-26
600936,  ????????,600936,  ????????,  2016-08-15
600939,  ????????,600939,  ????????,  2017-02-21
600941,  ????????,600941,  ????????,  2022-01-05
600955,  ????????,600955,  ????????,  2021-09-15
600956,  ????????,600956,  ????????,  2020-06-29
600958,  ????????,600958,  ????????,  2015-03-23
600959,  ????????,600959,  ????????,  2015-04-28
600960,  ????????,600960,  ????????,  2004-04-07
600961,  ????????,600961,  ????????,  2004-08-30
600962,  ????????,600962,  ????????,  2004-06-22
600963,  ????????,600963,  ????????,  2004-05-25
600965,  ????????,600965,  ????????,  2004-07-13
600966,  ????????,600966,  ????????,  2004-06-08
600967,  ????????,600967,  ????????,  2004-05-18
600968,  ????????,600968,  ????????,  2019-06-26
600969,  ????????,600969,  ????????,  2004-04-08
600970,  ????????,600970,  ????????,  2005-04-12
600971,  ????????,600971,  ????????,  2004-08-17
600973,  ????????,600973,  ????????,  2004-08-02
600975,  ??????,600975,  ??????,  2004-06-09
600976,  ????????,600976,  ????????,  2004-04-19
600977,  ????????,600977,  ????????,  2016-08-09
600979,  ????????,600979,  ????????,  2004-09-06
600980,  ????????,600980,  ????????,  2004-05-12
600981,  ????????,600981,  ????????,  2004-06-30
600982,  ????????,600982,  ????????,  2004-07-06
600983,  ??????,600983,  ??????,  2004-07-27
600984,  ????????,600984,  ????????,  2004-07-07
600985,  ????????,600985,  ????????,  2004-04-28
600986,  ????????,600986,  ????????,  2004-04-26
600987,  ????????,600987,  ????????,  2004-08-09
600988,  ????????,600988,  ????????,  2004-04-14
600989,  ????????,600989,  ????????,  2019-05-16
600990,  ????????,600990,  ????????,  2004-05-10
600992,  ????????,600992,  ????????,  2004-05-14
600993,  ??????,600993,  ??????,  2004-05-17
600995,  ????????,600995,  ????????,  2004-06-15
600996,  ????????,600996,  ????????,  2016-12-26
600997,  ????????,600997,  ????????,  2004-06-02
600998,  ??????,600998,  ??????,  2010-11-02
600999,  ????????,600999,  ????????,  2009-11-17
601000,  ??????,601000,  ??????,  2010-07-05
601001,  ????????,601001,  ????????,  2006-06-23
601002,  ????????,601002,  ????????,  2007-01-26
601003,  ????????,601003,  ????????,  2007-02-27
601005,  ????????,601005,  ????????,  2007-02-28
601006,  ????????,601006,  ????????,  2006-08-01
601007,  ????????,601007,  ????????,  2007-04-06
601008,  ??????,601008,  ??????,  2007-04-26
601009,  ????????,601009,  ????????,  2007-07-19
601010,  ????????,601010,  ????????,  2011-06-03
601011,  ??????,601011,  ??????,  2011-03-09
601012,  ????????,601012,  ????????,  2012-04-11
601015,  ????????,601015,  ????????,  2014-11-05
601016,  ????????,601016,  ????????,  2014-09-29
601018,  ??????,601018,  ??????,  2010-09-28
601019,  ????????,601019,  ????????,  2017-11-22
601020,  ST????,601020,  ST????,  2016-03-16
601021,  ????????,601021,  ????????,  2015-01-21
601028,  ????????,601028,  ????????,  2011-11-07
601038,  ????????,601038,  ????????,  2012-08-08
601058,  ????????,601058,  ????????,  2011-06-30
601066,  ????????,601066,  ????????,  2018-06-20
601068,  ????????,601068,  ????????,  2018-08-31
601069,  ????????,601069,  ????????,  2015-01-22
601077,  ????????,601077,  ????????,  2019-10-29
601086,  ????????,601086,  ????????,  2017-09-29
601088,  ????????,601088,  ????????,  2007-10-09
601098,  ????????,601098,  ????????,  2010-10-28
601099,  ??????,601099,  ??????,  2007-12-28
601100,  ????????,601100,  ????????,  2011-10-28
601101,  ????????,601101,  ????????,  2010-03-31
601106,  ????????,601106,  ????????,  2010-02-09
601107,  ????????,601107,  ????????,  2009-07-27
601108,  ????????,601108,  ????????,  2017-10-24
601111,  ????????,601111,  ????????,  2006-08-18
601113,  ST????,601113,  ST????,  2011-05-09
601116,  ????????,601116,  ????????,  2011-03-02
601117,  ????????,601117,  ????????,  2010-01-07
601118,  ????????,601118,  ????????,  2011-01-07
601126,  ????????,601126,  ????????,  2010-12-31
601127,  ????????,601127,  ????????,  2016-06-15
601128,  ????????,601128,  ????????,  2016-09-30
601137,  ????????,601137,  ????????,  2011-01-27
601138,  ????????,601138,  ????????,  2018-06-08
601139,  ????????,601139,  ????????,  2009-12-25
601155,  ????????,601155,  ????????,  2015-12-04
601156,  ????????,601156,  ????????,  2021-06-09
601158,  ????????,601158,  ????????,  2010-03-29
601162,  ????????,601162,  ????????,  2018-10-19
601163,  ????????,601163,  ????????,  2016-09-09
601166,  ????????,601166,  ????????,  2007-02-05
601168,  ????????,601168,  ????????,  2007-07-12
601169,  ????????,601169,  ????????,  2007-09-19
601177,  ????????,601177,  ????????,  2010-10-11
601179,  ????????,601179,  ????????,  2010-01-28
601186,  ????????,601186,  ????????,  2008-03-10
601187,  ????????,601187,  ????????,  2020-10-27
601188,  ????????,601188,  ????????,  2010-03-19
601198,  ????????,601198,  ????????,  2015-02-26
601199,  ????????,601199,  ????????,  2011-03-17
601200,  ????????,601200,  ????????,  2017-03-31
601208,  ????????,601208,  ????????,  2011-05-20
601211,  ????????,601211,  ????????,  2015-06-26
601212,  ????????,601212,  ????????,  2017-02-15
601216,  ????????,601216,  ????????,  2011-02-22
601218,  ????????,601218,  ????????,  2011-05-06
601222,  ????????,601222,  ????????,  2011-08-08
601225,  ????????,601225,  ????????,  2014-01-28
601226,  ????????,601226,  ????????,  2014-12-11
601228,  ??????,601228,  ??????,  2017-03-29
601229,  ????????,601229,  ????????,  2016-11-16
601231,  ????????,601231,  ????????,  2012-02-20
601233,  ????????,601233,  ????????,  2011-05-18
601236,  ????????,601236,  ????????,  2019-07-05
601238,  ????????,601238,  ????????,  2012-03-29
601258,  ????????,601258,  ????????,  2011-04-28
601279,  ????????,601279,  ????????,  2021-04-15
601288,  ????????,601288,  ????????,  2010-07-15
601298,  ??????,601298,  ??????,  2019-01-21
601311,  ????????,601311,  ????????,  2011-06-02
601318,  ????????,601318,  ????????,  2007-03-01
601319,  ????????,601319,  ????????,  2018-11-16
601326,  ????????,601326,  ????????,  2017-08-16
601328,  ????????,601328,  ????????,  2007-05-15
601330,  ????????,601330,  ????????,  2018-06-11
601333,  ????????,601333,  ????????,  2006-12-22
601336,  ????????,601336,  ????????,  2011-12-16
601339,  ????????,601339,  ????????,  2012-06-12
601360,  ??????,601360,  ??????,  2012-01-16
601366,  ????????,601366,  ????????,  2017-04-12
601368,  ????????,601368,  ????????,  2015-06-12
601369,  ????????,601369,  ????????,  2010-04-28
601375,  ????????,601375,  ????????,  2017-01-03
601377,  ????????,601377,  ????????,  2010-10-13
601388,  ????????,601388,  ????????,  2012-04-23
601390,  ????????,601390,  ????????,  2007-12-03
601398,  ????????,601398,  ????????,  2006-10-27
601399,  ????????,601399,  ????????,  2020-06-08
601456,  ????????,601456,  ????????,  2020-07-31
601500,  ????????,601500,  ????????,  2016-09-19
601512,  ????????,601512,  ????????,  2019-12-20
601515,  ????????,601515,  ????????,  2012-02-16
601518,  ????????,601518,  ????????,  2010-03-19
601519,  ??????,601519,  ??????,  2011-01-28
601528,  ????????,601528,  ????????,  2021-06-25
601555,  ????????,601555,  ????????,  2011-12-12
601566,  ??????,601566,  ??????,  2011-05-30
601567,  ????????,601567,  ????????,  2011-06-15
601568,  ????????,601568,  ????????,  2020-10-20
601577,  ????????,601577,  ????????,  2018-09-26
601579,  ??????,601579,  ??????,  2014-08-25
601588,  ????????,601588,  ????????,  2006-10-16
601595,  ????????,601595,  ????????,  2016-08-17
601598,  ????????,601598,  ????????,  2019-01-18
601599,  ????????,601599,  ????????,  2011-05-27
601600,  ????????,601600,  ????????,  2007-04-30
601601,  ????????,601601,  ????????,  2007-12-25
601606,  ????????,601606,  ????????,  2018-08-06
601607,  ????????,601607,  ????????,  1994-03-24
601608,  ????????,601608,  ????????,  2012-07-06
601609,  ????????,601609,  ????????,  2020-04-22
601611,  ????????,601611,  ????????,  2016-06-06
601615,  ????????,601615,  ????????,  2019-01-23
601616,  ????????,601616,  ????????,  2011-02-01
601618,  ????????,601618,  ????????,  2009-09-21
601619,  ????????,601619,  ????????,  2017-07-20
601628,  ????????,601628,  ????????,  2007-01-09
601633,  ????????,601633,  ????????,  2011-09-28
601636,  ????????,601636,  ????????,  2011-08-12
601658,  ????????,601658,  ????????,  2019-12-10
601665,  ????????,601665,  ????????,  2021-06-18
601666,  ????????,601666,  ????????,  2006-11-23
601668,  ????????,601668,  ????????,  2009-07-29
601669,  ????????,601669,  ????????,  2011-10-18
601677,  ????????,601677,  ????????,  2011-09-19
601678,  ????????,601678,  ????????,  2010-02-23
601686,  ????????,601686,  ????????,  2020-12-04
601688,  ????????,601688,  ????????,  2010-02-26
601689,  ????????,601689,  ????????,  2015-03-19
601696,  ????????,601696,  ????????,  2020-02-26
601698,  ????????,601698,  ????????,  2019-06-28
601699,  ????????,601699,  ????????,  2006-09-22
601700,  ????????,601700,  ????????,  2011-01-18
601702,  ????????,601702,  ????????,  2020-09-07
601717,  ??????,601717,  ??????,  2010-08-03
601718,  ????????,601718,  ????????,  2010-08-16
601727,  ????????,601727,  ????????,  2008-12-05
601728,  ????????,601728,  ????????,  2021-08-20
601766,  ????????,601766,  ????????,  2008-08-18
601777,  ????????,601777,  ????????,  2010-11-25
601778,  ????????,601778,  ????????,  2020-05-19
601788,  ????????,601788,  ????????,  2009-08-18
601789,  ????????,601789,  ????????,  2011-08-16
601798,  ????????,601798,  ????????,  2011-06-22
601799,  ????????,601799,  ????????,  2011-02-01
601800,  ????????,601800,  ????????,  2012-03-09
601801,  ????????,601801,  ????????,  2010-01-18
601808,  ????????,601808,  ????????,  2007-09-28
601811,  ????????,601811,  ????????,  2016-08-08
601816,  ????????,601816,  ????????,  2020-01-16
601818,  ????????,601818,  ????????,  2010-08-18
601825,  ????????,601825,  ????????,  2021-08-19
601827,  ????????,601827,  ????????,  2020-06-05
601828,  ??????,601828,  ??????,  2018-01-17
601838,  ????????,601838,  ????????,  2018-01-31
601857,  ????????,601857,  ????????,  2007-11-05
601858,  ????????,601858,  ????????,  2017-01-18
601860,  ????????,601860,  ????????,  2019-01-03
601865,  ??????,601865,  ??????,  2019-02-15
601866,  ????????,601866,  ????????,  2007-12-12
601868,  ????????,601868,  ????????,  2021-09-28
601869,  ????????,601869,  ????????,  2018-07-20
601872,  ????????,601872,  ????????,  2006-12-01
601877,  ????????,601877,  ????????,  2010-01-21
601878,  ????????,601878,  ????????,  2017-06-26
601880,  ????????,601880,  ????????,  2010-12-06
601881,  ????????,601881,  ????????,  2017-01-23
601882,  ????????,601882,  ????????,  2016-11-07
601886,  ????????,601886,  ????????,  2011-08-18
601888,  ????????,601888,  ????????,  2009-10-15
601890,  ????????,601890,  ????????,  2010-12-28
601898,  ????????,601898,  ????????,  2008-02-01
601899,  ????????,601899,  ????????,  2008-04-25
601900,  ????????,601900,  ????????,  2016-02-15
601901,  ????????,601901,  ????????,  2011-08-10
601908,  ??????,601908,  ??????,  2011-09-08
601916,  ????????,601916,  ????????,  2019-11-26
601918,  ????????,601918,  ????????,  2007-12-19
601919,  ????????,601919,  ????????,  2007-06-26
601921,  ????????,601921,  ????????,  2021-07-23
601928,  ????????,601928,  ????????,  2011-11-30
601929,  ????????,601929,  ????????,  2012-02-23
601933,  ????????,601933,  ????????,  2010-12-15
601939,  ????????,601939,  ????????,  2007-09-25
601949,  ????????,601949,  ????????,  2017-08-21
601952,  ????????,601952,  ????????,  2017-05-15
601956,  ????????,601956,  ????????,  2020-12-25
601958,  ????????,601958,  ????????,  2008-04-17
601963,  ????????,601963,  ????????,  2021-02-05
601965,  ????????,601965,  ????????,  2012-06-11
601966,  ????????,601966,  ????????,  2016-07-06
601968,  ????????,601968,  ????????,  2015-06-11
601969,  ????????,601969,  ????????,  2014-12-09
601975,  ????????,601975,  ????????,  2019-01-08
601985,  ????????,601985,  ????????,  2015-06-10
601988,  ????????,601988,  ????????,  2006-07-05
601989,  ????????,601989,  ????????,  2009-12-16
601990,  ????????,601990,  ????????,  2018-06-13
601991,  ????????,601991,  ????????,  2006-12-20
601992,  ????????,601992,  ????????,  2011-03-01
601995,  ????????,601995,  ????????,  2020-11-02
601996,  ????????,601996,  ????????,  2011-09-29
601997,  ????????,601997,  ????????,  2016-08-16
601998,  ????????,601998,  ????????,  2007-04-27
601999,  ????????,601999,  ????????,  2007-12-21
603000,  ??????,603000,  ??????,  2012-04-27
603001,  ????????,603001,  ????????,  2012-04-26
603002,  ????????,603002,  ????????,  2012-05-18
603003,  ????????,603003,  ????????,  2012-08-17
603005,  ????????,603005,  ????????,  2014-02-10
603006,  ????????,603006,  ????????,  2014-06-30
603007,  ST????,603007,  ST????,  2016-08-26
603008,  ??????,603008,  ??????,  2012-07-17
603009,  ????????,603009,  ????????,  2014-07-18
603010,  ????????,603010,  ????????,  2014-10-10
603011,  ????????,603011,  ????????,  2014-11-07
603012,  ????????,603012,  ????????,  2015-03-20
603013,  ????????,603013,  ????????,  2018-05-09
603015,  ????????,603015,  ????????,  2015-03-03
603016,  ??????,603016,  ??????,  2016-07-01
603017,  ????????,603017,  ????????,  2014-12-31
603018,  ????????,603018,  ????????,  2014-10-13
603019,  ????????,603019,  ????????,  2014-11-06
603020,  ????????,603020,  ????????,  2015-03-25
603021,  ????????,603021,  ????????,  2015-04-23
603022,  ??????,603022,  ??????,  2015-05-18
603023,  ????????,603023,  ????????,  2015-05-27
603025,  ????????,603025,  ????????,  2015-04-22
603026,  ????????,603026,  ????????,  2015-05-29
603027,  ????????,603027,  ????????,  2016-03-07
603028,  ??????,603028,  ??????,  2016-03-31
603029,  ????????,603029,  ????????,  2016-04-27
603030,  ????????,603030,  ????????,  2015-03-20
603031,  ??????,603031,  ??????,  2016-08-22
603032,  *ST????,603032,  *ST????,  2017-01-05
603033,  ????????,603033,  ????????,  2016-12-07
603035,  ????????,603035,  ????????,  2017-01-05
603036,  ????????,603036,  ????????,  2016-12-09
603037,  ????????,603037,  ????????,  2017-01-20
603038,  ????????,603038,  ????????,  2017-01-16
603039,  ????????,603039,  ????????,  2017-01-13
603040,  ??????,603040,  ??????,  2017-02-09
603041,  ??????,603041,  ??????,  2017-03-30
603042,  ????????,603042,  ????????,  2017-06-02
603043,  ????????,603043,  ????????,  2017-06-27
603045,  ????????,603045,  ????????,  2018-05-17
603048,  ????????,603048,  ????????,  2021-11-16
603050,  ????????,603050,  ????????,  2017-04-14
603053,  ????????,603053,  ????????,  2019-12-17
603055,  ????????,603055,  ????????,  2017-09-21
603056,  ????????,603056,  ????????,  2018-01-16
603058,  ????????,603058,  ????????,  2016-12-23
603059,  ??????,603059,  ??????,  2018-03-02
603060,  ????????,603060,  ????????,  2016-11-09
603063,  ????????,603063,  ????????,  2017-07-28
603066,  ????????,603066,  ????????,  2015-06-11
603067,  ????????,603067,  ????????,  2016-09-13
603068,  ????????,603068,  ????????,  2019-04-15
603069,  ????????,603069,  ????????,  2016-07-12
603071,  ????????,603071,  ????????,  2021-12-16
603076,  ????????,603076,  ????????,  2017-11-13
603077,  ????????,603077,  ????????,  2012-07-31
603078,  ??????,603078,  ??????,  2017-04-10
603079,  ????????,603079,  ????????,  2017-08-23
603080,  ????????,603080,  ????????,  2018-01-03
603081,  ????????,603081,  ????????,  2017-04-20
603083,  ????????,603083,  ????????,  2017-11-10
603085,  ????????,603085,  ????????,  2015-06-30
603086,  ????????,603086,  ????????,  2017-05-11
603087,  ????????,603087,  ????????,  2020-06-29
603088,  ????????,603088,  ????????,  2014-11-11
603089,  ????????,603089,  ????????,  2017-01-26
603090,  ????????,603090,  ????????,  2016-08-31
603093,  ????????,603093,  ????????,  2019-08-30
603095,  ????????,603095,  ????????,  2020-04-15
603096,  ??????,603096,  ??????,  2017-04-25
603098,  ????????,603098,  ????????,  2016-12-16
603099,  ??????,603099,  ??????,  2014-08-22
603100,  ????????,603100,  ????????,  2014-08-05
603101,  ????????,603101,  ????????,  2016-05-06
603103,  ????????,603103,  ????????,  2017-10-12
603105,  ????????,603105,  ????????,  2018-07-09
603106,  ????????,603106,  ????????,  2017-09-20
603108,  ????????,603108,  ????????,  2015-05-27
603109,  ????????,603109,  ????????,  2019-12-31
603110,  ????????,603110,  ????????,  2017-10-13
603111,  ????????,603111,  ????????,  2014-08-01
603112,  ????????,603112,  ????????,  2020-09-17
603113,  ????????,603113,  ????????,  2017-05-11
603115,  ????????,603115,  ????????,  2019-08-09
603116,  ??????,603116,  ??????,  2015-06-29
603117,  ????????,603117,  ????????,  2015-06-29
603118,  ????????,603118,  ????????,  2015-02-25
603121,  ????????,603121,  ????????,  2019-01-11
603123,  ????????,603123,  ????????,  2012-05-03
603126,  ????????,603126,  ????????,  2014-07-31
603127,  ????????,603127,  ????????,  2017-08-25
603128,  ????????,603128,  ????????,  2012-05-29
603129,  ????????,603129,  ????????,  2017-08-18
603131,  ????????,603131,  ????????,  2016-06-07
603133,  ????????,603133,  ????????,  2017-03-20
603136,  ??????,603136,  ??????,  2017-09-27
603138,  ????????,603138,  ????????,  2017-03-06
603139,  ????????,603139,  ????????,  2017-04-21
603155,  ??????,603155,  ??????,  2020-09-01
603156,  ????????,603156,  ????????,  2018-02-12
603157,  *ST????,603157,  *ST????,  2017-09-25
603158,  ????????,603158,  ????????,  2015-03-20
603159,  ????????,603159,  ????????,  2016-08-12
603160,  ????????,603160,  ????????,  2016-10-17
603161,  ????????,603161,  ????????,  2018-01-05
603165,  ????????,603165,  ????????,  2017-01-17
603166,  ????????,603166,  ????????,  2014-11-27
603167,  ????????,603167,  ????????,  2012-09-06
603168,  ????????,603168,  ????????,  2014-07-02
603169,  ????????,603169,  ????????,  2014-10-09
603171,  ????????,603171,  ????????,  2021-06-30
603176,  ????????,603176,  ????????,  2021-12-31
603177,  ????????,603177,  ????????,  2017-02-07
603178,  ????????,603178,  ????????,  2017-03-28
603179,  ????????,603179,  ????????,  2017-03-17
603180,  ????????,603180,  ????????,  2017-05-12
603181,  ????????,603181,  ????????,  2017-08-24
603183,  ??????,603183,  ??????,  2017-09-05
603185,  ????????,603185,  ????????,  2018-12-28
603186,  ????????,603186,  ????????,  2017-01-03
603187,  ????????,603187,  ????????,  2018-11-29
603188,  ????????,603188,  ????????,  2014-09-09
603189,  ????????,603189,  ????????,  2016-09-14
603192,  ????????,603192,  ????????,  2018-08-28
603195,  ????????,603195,  ????????,  2020-02-06
603196,  ????????,603196,  ????????,  2017-05-31
603197,  ????????,603197,  ????????,  2017-05-19
603198,  ????????,603198,  ????????,  2015-05-28
603199,  ????????,603199,  ????????,  2015-03-26
603200,  ????????,603200,  ????????,  2017-06-01
603203,  ????????,603203,  ????????,  2016-11-08
603208,  ????????,603208,  ????????,  2017-02-10
603212,  ????????,603212,  ????????,  2020-04-30
603213,  ????????,603213,  ????????,  2021-11-11
603214,  ??????,603214,  ??????,  2018-03-30
603216,  ????????,603216,  ????????,  2021-12-15
603217,  ????????,603217,  ????????,  2019-06-20
603218,  ????????,603218,  ????????,  2016-12-28
603219,  ????????,603219,  ????????,  2021-11-22
603220,  ????????,603220,  ????????,  2018-11-15
603221,  ????????,603221,  ????????,  2020-03-23
603222,  ????????,603222,  ????????,  2015-02-17
603223,  ????????,603223,  ????????,  2015-06-30
603225,  ??????,603225,  ??????,  2017-04-18
603226,  ????????,603226,  ????????,  2017-06-15
603227,  ????????,603227,  ????????,  2015-05-15
603228,  ????????,603228,  ????????,  2017-01-06
603229,  ????????,603229,  ????????,  2017-05-09
603230,  ????????,603230,  ????????,  2021-12-24
603232,  ????????,603232,  ????????,  2017-04-21
603233,  ??????,603233,  ??????,  2017-07-31
603236,  ????????,603236,  ????????,  2019-07-16
603238,  ????????,603238,  ????????,  2017-02-22
603239,  ????????,603239,  ????????,  2016-12-30
603256,  ????????,603256,  ????????,  2019-07-19
603258,  ????????,603258,  ????????,  2016-10-26
603259,  ????????,603259,  ????????,  2018-05-08
603260,  ????????,603260,  ????????,  2017-10-30
603266,  ????????,603266,  ????????,  2017-01-10
603267,  ????????,603267,  ????????,  2019-05-15
603268,  ????????,603268,  ????????,  2015-03-19
603269,  ????????,603269,  ????????,  2017-05-17
603277,  ????????,603277,  ????????,  2017-09-11
603278,  ????????,603278,  ????????,  2017-11-13
603279,  ????????,603279,  ????????,  2019-07-29
603283,  ????????,603283,  ????????,  2017-12-25
603286,  ????????,603286,  ????????,  2017-06-27
603288,  ????????,603288,  ????????,  2014-02-11
603289,  ????????,603289,  ????????,  2017-10-31
603290,  ????????,603290,  ????????,  2020-02-04
603297,  ????????,603297,  ????????,  2018-09-10
603298,  ????????,603298,  ????????,  2016-12-27
603299,  ????????,603299,  ????????,  2015-12-31
603300,  ????????,603300,  ????????,  2015-05-29
603301,  ????????,603301,  ????????,  2018-04-12
603303,  ????????,603303,  ????????,  2017-03-30
603305,  ????????,603305,  ????????,  2017-07-10
603306,  ????????,603306,  ????????,  2014-09-26
603308,  ????????,603308,  ????????,  2014-01-22
603309,  ????????,603309,  ????????,  2015-03-02
603311,  ????????,603311,  ????????,  2015-05-18
603313,  ??????,603313,  ??????,  2016-10-13
603315,  ????????,603315,  ????????,  2015-04-24
603316,  ????????,603316,  ????????,  2017-06-19
603317,  ????????,603317,  ????????,  2019-04-16
603318,  ????????,603318,  ????????,  2015-04-24
603319,  ??????,603319,  ??????,  2016-11-30
603320,  ????????,603320,  ????????,  2017-05-02
603321,  ????????,603321,  ????????,  2017-09-15
603322,  ????????,603322,  ????????,  2016-07-28
603323,  ????????,603323,  ????????,  2016-11-29
603324,  ????????,603324,  ????????,  2021-04-07
603326,  ????????,603326,  ????????,  2017-06-16
603327,  ????????,603327,  ????????,  2019-05-23
603328,  ????????,603328,  ????????,  2014-07-01
603329,  ????????,603329,  ????????,  2017-12-29
603330,  ????????,603330,  ????????,  2017-02-13
603331,  ????????,603331,  ????????,  2017-07-05
603332,  ????????,603332,  ????????,  2019-01-17
603333,  ????????,603333,  ????????,  2012-05-07
603335,  ??????,603335,  ??????,  2017-06-20
603336,  ????????,603336,  ????????,  2016-11-24
603337,  ????????,603337,  ????????,  2017-01-19
603338,  ????????,603338,  ????????,  2015-03-25
603339,  ????????,603339,  ????????,  2016-05-19
603345,  ????????,603345,  ????????,  2017-02-22
603348,  ????????,603348,  ????????,  2018-04-26
603351,  ????????,603351,  ????????,  2019-01-30
603353,  ????????,603353,  ????????,  2020-04-07
603355,  ????????,603355,  ????????,  2015-05-13
603356,  ????????,603356,  ????????,  2018-01-24
603357,  ????????,603357,  ????????,  2017-08-01
603358,  ????????,603358,  ????????,  2017-01-25
603359,  ????????,603359,  ????????,  2017-09-01
603360,  ????????,603360,  ????????,  2017-02-06
603363,  ????????,603363,  ????????,  2017-09-26
603365,  ????????,603365,  ????????,  2017-11-20
603366,  ????????,603366,  ????????,  2012-05-21
603367,  ????????,603367,  ????????,  2017-09-29
603368,  ????????,603368,  ????????,  2014-12-04
603369,  ??????,603369,  ??????,  2014-07-03
603377,  ????????,603377,  ????????,  2016-02-05
603378,  ????????,603378,  ????????,  2017-09-28
603379,  ????????,603379,  ????????,  2019-04-02
603380,  ??????,603380,  ??????,  2017-06-22
603383,  ????????,603383,  ????????,  2017-05-22
603385,  ????????,603385,  ????????,  2017-04-05
603386,  ????????,603386,  ????????,  2017-09-12
603387,  ????????,603387,  ????????,  2017-07-17
603388,  ????????,603388,  ????????,  2017-03-24
603389,  ????????,603389,  ????????,  2016-12-15
603390,  ????????,603390,  ????????,  2019-11-25
603392,  ????????,603392,  ????????,  2020-04-29
603393,  ????????,603393,  ????????,  2016-09-12
603396,  ????????,603396,  ????????,  2017-10-18
603398,  ????????,603398,  ????????,  2015-12-09
603399,  ????????,603399,  ????????,  2012-08-24
603408,  ????????,603408,  ????????,  2020-07-30
603416,  ????????,603416,  ????????,  2016-12-21
603421,  ????????,603421,  ????????,  2016-10-11
603429,  ????????,603429,  ????????,  2017-01-24
603439,  ????????,603439,  ????????,  2020-04-28
603444,  ??????,603444,  ??????,  2017-01-04
603456,  ????????,603456,  ????????,  2014-10-10
603458,  ????????,603458,  ????????,  2017-08-09
603466,  ??????,603466,  ??????,  2017-10-20
603477,  ????????,603477,  ????????,  2017-12-18
603486,  ??????,603486,  ??????,  2018-05-28
603488,  ????????,603488,  ????????,  2017-05-16
603489,  ????????,603489,  ????????,  2019-11-11
603496,  ????????,603496,  ????????,  2017-06-07
603499,  ????????,603499,  ????????,  2017-10-16
603500,  ????????,603500,  ????????,  2017-09-04
603501,  ????????,603501,  ????????,  2017-05-04
603505,  ????????,603505,  ????????,  2017-05-03
603506,  ????????,603506,  ????????,  2018-02-01
603507,  ????????,603507,  ????????,  2017-11-06
603508,  ????????,603508,  ????????,  2015-12-24
603511,  ????????,603511,  ????????,  2021-05-31
603515,  ????????,603515,  ????????,  2016-08-19
603516,  ????????,603516,  ????????,  2018-02-02
603517,  ????????,603517,  ????????,  2017-03-17
603518,  ????????,603518,  ????????,  2014-12-03
603519,  ????????,603519,  ????????,  2015-03-19
603520,  ??????,603520,  ??????,  2016-03-09
603527,  ????????,603527,  ????????,  2017-09-07
603528,  ????????,603528,  ????????,  2016-05-03
603529,  ????????,603529,  ????????,  2021-06-15
603530,  ????????,603530,  ????????,  2019-08-05
603533,  ????????,603533,  ????????,  2017-09-21
603535,  ????????,603535,  ????????,  2017-08-08
603536,  ????????,603536,  ????????,  2017-06-13
603538,  ??????,603538,  ??????,  2017-04-07
603551,  ????????,603551,  ????????,  2020-01-15
603555,  ST????,603555,  ST????,  2014-01-24
603556,  ????????,603556,  ????????,  2016-11-10
603557,  ST????,603557,  ST????,  2017-08-18
603558,  ????????,603558,  ????????,  2015-01-27
603559,  ????????,603559,  ????????,  2016-12-02
603565,  ????????,603565,  ????????,  2020-09-25
603566,  ??????,603566,  ??????,  2015-05-18
603567,  ??????,603567,  ??????,  2015-04-24
603568,  ????????,603568,  ????????,  2015-05-28
603569,  ????????,603569,  ????????,  2016-08-10
603577,  ??????,603577,  ??????,  2016-12-22
603578,  ????????,603578,  ????????,  2017-03-06
603579,  ????????,603579,  ????????,  2017-01-11
603580,  ????????,603580,  ????????,  2017-05-25
603583,  ????????,603583,  ????????,  2018-09-21
603585,  ????????,603585,  ????????,  2016-12-14
603586,  ??????,603586,  ??????,  2017-04-06
603587,  ????????,603587,  ????????,  2018-06-22
603588,  ????????,603588,  ????????,  2014-12-29
603589,  ??????,603589,  ??????,  2015-06-29
603590,  ????????,603590,  ????????,  2018-08-27
603595,  ????????,603595,  ????????,  2017-07-12
603596,  ??????,603596,  ??????  ,  2018-04-27
603598,  ????????,603598,  ????????,  2015-05-27
603599,  ????????,603599,  ????????,  2015-05-13
603600,  ????????,603600,  ????????,  2015-01-23
603601,  ????????,603601,  ????????,  2015-01-22
603602,  ????????,603602,  ????????,  2017-08-10
603603,  ????????,603603,  ????????,  2017-02-17
603605,  ??????,603605,  ??????,  2017-11-15
603606,  ????????,603606,  ????????,  2014-10-15
603607,  ????????,603607,  ????????,  2017-10-25
603608,  ????????,603608,  ????????,  2016-02-18
603609,  ????????,603609,  ????????,  2014-08-08
603610,  ????????,603610,  ????????,  2019-10-29
603611,  ????????,603611,  ????????,  2015-01-28
603612,  ????????,603612,  ????????,  2017-07-18
603613,  ????????,603613,  ????????,  2019-07-30
603615,  ????????,603615,  ????????,  2017-02-13
603616,  ????????,603616,  ????????,  2015-06-11
603617,  ????????,603617,  ????????,  2017-07-03
603618,  ????????,603618,  ????????,  2015-02-17
603619,  ????????,603619,  ????????,  2017-11-17
603626,  ????????,603626,  ????????,  2017-02-09
603628,  ????????,603628,  ????????,  2017-01-12
603629,  ????????,603629,  ????????,  2018-12-24
603630,  ????????,603630,  ????????,  2017-03-13
603633,  ????????,603633,  ????????,  2016-11-17
603636,  ????????,603636,  ????????,  2014-12-30
603637,  ????????,603637,  ????????,  2017-02-08
603638,  ????????,603638,  ????????,  2017-01-20
603639,  ??????,603639,  ??????,  2017-01-12
603648,  ????????,603648,  ????????,  2017-09-13
603650,  ????????,603650,  ????????,  2018-06-27
603655,  ????????,603655,  ????????,  2017-12-29
603656,  ????????,603656,  ????????,  2017-03-21
603657,  ????????,603657,  ????????,  2018-07-30
603658,  ????????,603658,  ????????,  2016-09-01
603659,  ??????,603659,  ??????,  2017-11-03
603660,  ????????,603660,  ????????,  2016-12-01
603661,  ????????,603661,  ????????,  2017-11-21
603662,  ????????,603662,  ????????,  2019-08-06
603663,  ????????,603663,  ????????,  2016-08-01
603665,  ??????,603665,  ??????,  2017-03-13
603666,  ??????,603666,  ??????,  2018-06-12
603667,  ????????,603667,  ????????,  2016-10-25
603668,  ????????,603668,  ????????,  2017-01-17
603669,  ????????,603669,  ????????,  2015-05-28
603676,  ??????,603676,  ??????,  2017-07-21
603677,  ????????,603677,  ????????,  2017-02-06
603678,  ????????,603678,  ????????,  2015-01-26
603679,  ????????,603679,  ????????,  2017-06-21
603680,  ????????,603680,  ????????,  2018-02-27
603681,  ????????,603681,  ????????,  2019-03-26
603682,  ????????,603682,  ????????,  2020-04-21
603683,  ????????,603683,  ????????,  2017-10-20
603685,  ????????,603685,  ????????,  2017-11-27
603686,  ??????,603686,  ??????,  2015-01-26
603687,  ??????,603687,  ??????,  2019-07-26
603688,  ????????,603688,  ????????,  2014-10-31
603689,  ????????,603689,  ????????,  2017-01-10
603690,  ????????,603690,  ????????,  2017-01-13
603693,  ????????,603693,  ????????,  2018-07-03
603696,  ????????,603696,  ????????,  2015-12-09
603697,  ????????,603697,  ????????,  2019-05-08
603698,  ????????,603698,  ????????,  2015-01-28
603699,  ????????,603699,  ????????,  2014-01-17
603700,  ????????,603700,  ????????,  2019-01-22
603701,  ????????,603701,  ????????,  2016-04-12
603703,  ????????,603703,  ????????,  2015-04-23
603706,  ????????,603706,  ????????,  2018-07-09
603707,  ????????,603707,  ????????,  2017-07-19
603708,  ??????,603708,  ??????,  2016-12-13
603709,  ????????,603709,  ????????,  2018-02-08
603711,  ??????,603711,  ??????,  2017-11-30
603712,  ??????,603712,  ??????,  2018-02-26
603713,  ????????,603713,  ????????,  2018-07-13
603716,  ????????,603716,  ????????,  2016-10-31
603717,  ????????,603717,  ????????,  2017-03-27
603718,  ????????,603718,  ????????,  2015-05-15
603719,  ????????,603719,  ????????,  2020-02-24
603721,  ????????,603721,  ????????,  2017-08-11
603722,  ??????,603722,  ??????,  2017-10-25
603725,  ????????,603725,  ????????,  2017-09-06
603726,  ????????,603726,  ????????,  2016-04-21
603727,  ??????,603727,  ??????,  2016-11-22
603728,  ????????,603728,  ????????,  2017-05-09
603729,  ST????,603729,  ST????,  2015-03-24
603730,  ????????,603730,  ????????,  2017-07-28
603733,  ????????,603733,  ????????,  2018-04-20
603737,  ??????,603737,  ??????,  2016-06-03
603738,  ????????,603738,  ????????,  2016-09-28
603739,  ????????,603739,  ????????,  2019-01-16
603755,  ????????,603755,  ????????,  2019-08-28
603757,  ????????,603757,  ????????,  2017-07-11
603758,  ????????,603758,  ????????,  2017-05-17
603759,  ????????,603759,  ????????,  2021-03-26
603766,  ????????,603766,  ????????,  2012-08-10
603767,  ????????,603767,  ????????,  2017-06-13
603768,  ????????,603768,  ????????,  2017-03-24
603773,  ????????,603773,  ????????,  2018-04-17
603776,  ??????,603776,  ??????,  2017-08-17
603777,  ??????,603777,  ??????,  2016-10-12
603778,  ????????,603778,  ????????,  2015-12-31
603779,  ????????,603779,  ????????,  2016-05-16
603786,  ??????,603786,  ??????,  2019-10-15
603787,  ????????,603787,  ????????,  2017-04-27
603788,  ????????,603788,  ????????,  2015-01-20
603789,  ????????,603789,  ????????,  2015-04-27
603790,  ????????,603790,  ????????,  2018-09-12
603797,  ????????,603797,  ????????,  2017-04-13
603798,  ??????,603798,  ??????,  2016-04-06
603799,  ????????,603799,  ????????,  2015-01-29
603800,  ????????,603800,  ????????,  2015-12-10
603801,  ????????,603801,  ????????,  2017-06-30
603803,  ????????,603803,  ????????,  2017-04-20
603806,  ??????,603806,  ??????,  2014-09-05
603808,  ??????,603808,  ??????,  2015-04-22
603809,  ????????,603809,  ????????,  2017-11-28
603810,  ????????,603810,  ????????,  2018-09-17
603811,  ????????,603811,  ????????,  2017-03-15
603813,  ????????,603813,  ????????,  2017-09-18
603815,  ????????,603815,  ????????,  2019-10-21
603816,  ????????,603816,  ????????,  2016-10-14
603817,  ????????,603817,  ????????,  2017-02-20
603818,  ????????,603818,  ????????,  2015-04-22
603819,  ????????,603819,  ????????,  2016-11-25
603822,  ????????,603822,  ????????,  2016-04-28
603823,  ??????,603823,  ??????,  2016-12-20
603825,  ????????,603825,  ????????,  2017-08-02
603826,  ????????,603826,  ????????,  2017-04-14
603828,  ??????,603828,  ??????,  2015-02-26
603829,  ????????,603829,  ????????,  2017-10-17
603833,  ????????,603833,  ????????,  2017-03-28
603836,  ????????,603836,  ????????,  2021-05-26
603838,  ????????,603838,  ????????,  2015-07-01
603839,  ????????,603839,  ????????,  2017-02-14
603843,  ????????,603843,  ????????,  2016-09-05
603848,  ??????,603848,  ??????,  2017-12-01
603855,  ????????,603855,  ????????,  2017-05-24
603856,  ????????,603856,  ????????,  2017-11-06
603858,  ????????,603858,  ????????,  2016-11-18
603859,  ????????,603859,  ????????,  2016-10-21
603860,  ????????,603860,  ????????,  2017-08-02
603861,  ????????,603861,  ????????,  2016-03-22
603863,  ST????,603863,  ST????,  2019-06-21
603866,  ????????,603866,  ????????,  2015-12-22
603867,  ????????,603867,  ????????,  2019-06-27
603868,  ????????,603868,  ????????,  2016-04-18
603869,  ????????,603869,  ????????,  2015-03-26
603871,  ????????,603871,  ????????,  2018-02-06
603876,  ????????,603876,  ????????,  2018-04-18
603877,  ??????,603877,  ??????,  2017-01-09
603878,  ????????,603878,  ????????,  2016-12-19
603879,  ????????,603879,  ????????,  2017-06-14
603880,  ????????,603880,  ????????,  2017-08-07
603881,  ??????,603881,  ??????,  2017-02-08
603882,  ????????,603882,  ????????,  2017-09-08
603883,  ??????,603883,  ??????,  2015-04-23
603885,  ????????,603885,  ????????,  2015-05-27
603886,  ????????,603886,  ????????,  2016-12-28
603887,  ????????,603887,  ????????,  2016-10-10
603888,  ??????,603888,  ??????,  2016-10-28
603889,  ????????,603889,  ????????,  2014-12-31
603890,  ????????,603890,  ????????,  2017-12-12
603893,  ??????,603893,  ??????,  2020-02-07
603895,  ????????,603895,  ????????,  2018-01-22
603896,  ??????,603896,  ??????,  2017-05-10
603897,  ????????,603897,  ????????,  2018-04-10
603898,  ??????,603898,  ??????,  2015-02-17
603899,  ????????,603899,  ????????,  2015-01-27
603900,  ????????,603900,  ????????,  2016-11-23
603901,  ????????,603901,  ????????,  2015-05-29
603903,  ????????,603903,  ????????,  2017-03-14
603906,  ????????,603906,  ????????,  2017-04-10
603908,  ??????,603908,  ??????,  2017-03-07
603909,  ????????,603909,  ????????,  2016-06-28
603912,  ??????,603912,  ??????,  2017-11-01
603915,  ????????,603915,  ????????,  2019-06-14
603916,  ??????,603916,  ??????,  2017-11-10
603917,  ????????,603917,  ????????,  2017-12-04
603918,  ????????,603918,  ????????,  2015-05-28
603919,  ??????,603919,  ??????,  2016-03-10
603920,  ????????,603920,  ????????,  2017-04-26
603922,  ??????,603922,  ??????,  2017-10-23
603926,  ????????,603926,  ????????,  2017-05-10
603927,  ??????,603927,  ??????,  2019-09-09
603928,  ????????,603928,  ????????,  2016-12-12
603929,  ????????,603929,  ????????,  2016-12-30
603931,  ??????,603931,  ??????,  2020-08-19
603933,  ????????,603933,  ????????,  2017-07-06
603936,  ????????,603936,  ????????,  2015-12-09
603937,  ????????,603937,  ????????,  2017-11-02
603938,  ????????,603938,  ????????,  2017-06-28
603939,  ????????,603939,  ????????,  2015-02-17
603948,  ????????,603948,  ????????,  2020-03-02
603949,  ????????,603949,  ????????,  2020-03-10
603950,  ????????,603950,  ????????,  2020-05-26
603955,  ????????,603955,  ????????,  2017-03-10
603956,  ??????,603956,  ??????,  2019-02-22
603958,  ????????,603958,  ????????,  2016-06-29
603959,  ????????,603959,  ????????,  2016-05-17
603960,  ????????,603960,  ????????,  2017-03-14
603963,  ????????,603963,  ????????,  2017-09-22
603966,  ????????,603966,  ????????,  2017-01-25
603967,  ????????,603967,  ????????,  2019-04-29
603968,  ????????,603968,  ????????,  2015-05-18
603969,  ????????,603969,  ????????,  2015-02-27
603970,  ????????,603970,  ????????,  2017-11-16
603976,  ????????,603976,  ????????,  2017-08-22
603977,  ????????,603977,  ????????,  2016-11-11
603978,  ????????,603978,  ????????,  2017-08-07
603979,  ??????,603979,  ??????,  2015-06-30
603980,  ????????,603980,  ????????,  2017-06-15
603982,  ????????,603982,  ????????,  2019-05-22
603983,  ????????,603983,  ????????,  2019-07-25
603985,  ????????,603985,  ????????,  2017-05-05
603986,  ????????,603986,  ????????,  2016-08-18
603987,  ??????,603987,  ??????,  2016-11-21
603988,  ????????,603988,  ????????,  2014-11-04
603989,  ????????,603989,  ????????,  2015-05-15
603990,  ????????,603990,  ????????,  2016-12-08
603991,  ????????,603991,  ????????,  2017-03-08
603992,  ????????,603992,  ????????,  2019-08-26
603993,  ????????,603993,  ????????,  2012-10-09
603995,  ????????,603995,  ????????,  2019-12-24
603996,  *ST????,603996,  *ST????,  2015-12-22
603997,  ????????,603997,  ????????,  2015-03-02
603998,  ????????,603998,  ????????,  2014-12-05
603999,  ????????,603999,  ????????,  2015-12-10
605001,  ????????,605001,  ????????,  2020-05-22
605003,  ????????,605003,  ????????,  2020-09-08
605005,  ????????,605005,  ????????,  2021-01-19
605006,  ????????,605006,  ????????,  2020-09-03
605007,  ????????,605007,  ????????,  2020-11-10
605008,  ????????,605008,  ????????,  2020-08-21
605009,  ????????,605009,  ????????,  2020-09-11
605011,  ????????,605011,  ????????,  2021-06-30
605016,  ????????,605016,  ????????,  2021-04-21
605018,  ????????,605018,  ????????,  2020-09-29
605020,  ????????,605020,  ????????,  2021-07-09
605028,  ????????,605028,  ????????,  2021-07-12
605033,  ????????,605033,  ????????,  2021-09-16
605050,  ??????,605050,  ??????,  2020-09-24
605055,  ????????,605055,  ????????,  2021-01-29
605056,  ????????,605056,  ????????,  2021-07-20
605058,  ????????,605058,  ????????,  2020-10-21
605060,  ????????,605060,  ????????,  2021-03-01
605066,  ????????,605066,  ????????,  2020-08-07
605068,  ????????,605068,  ????????,  2020-11-23
605069,  ????????,605069,  ????????,  2021-08-16
605077,  ????????,605077,  ????????,  2021-02-09
605080,  ????????,605080,  ????????,  2021-05-06
605081,  ??????,605081,  ??????,  2021-02-09
605086,  ????????,605086,  ????????,  2021-04-16
605088,  ????????,605088,  ????????,  2020-08-17
605089,  ??????,605089,  ??????,  2021-04-27
605090,  ????????,605090,  ????????,  2021-05-25
605098,  ????????,605098,  ????????,  2021-04-21
605099,  ????????,605099,  ????????,  2020-09-30
605100,  ????????,605100,  ????????,  2020-08-11
605108,  ??????,605108,  ??????,  2020-07-16
605111,  ??????,605111,  ??????,  2020-09-28
605116,  ??????,605116,  ??????,  2020-09-21
605117,  ????????,605117,  ????????,  2021-04-20
605118,  ????????,605118,  ????????,  2020-07-30
605122,  ????????,605122,  ????????,  2021-03-10
605123,  ????????,605123,  ????????,  2020-08-25
605128,  ????????,605128,  ????????,  2020-09-15
605133,  ????????,605133,  ????????,  2021-02-24
605136,  ????????,605136,  ????????,  2020-09-29
605138,  ????????,605138,  ????????,  2021-10-27
605151,  ??????,605151,  ??????,  2020-12-15
605155,  ??????,605155,  ??????,  2020-12-31
605158,  ????????,605158,  ????????,  2020-08-05
605162,  ??????,605162,  ??????,  2021-07-07
605166,  ??????,605166,  ??????,  2020-06-18
605167,  ??????,605167,  ??????,  2021-07-26
605168,  ??????,605168,  ??????,  2020-05-28
605169,  ????????,605169,  ????????,  2020-10-30
605177,  ????????,605177,  ????????,  2020-11-25
605178,  ????????,605178,  ????????,  2020-08-21
605179,  ????????,605179,  ????????,  2020-12-28
605180,  ????????,605180,  ????????,  2021-04-30
605183,  ????????,605183,  ????????,  2020-12-07
605186,  ????????,605186,  ????????,  2020-12-22
605188,  ????????,605188,  ????????,  2020-07-28
605189,  ????????,605189,  ????????,  2021-05-28
605196,  ????????,605196,  ????????,  2021-05-11
605198,  ????????,605198,  ????????,  2020-09-18
605199,  ??????,605199,  ??????,  2020-07-10
605208,  ??????,605208,  ??????,  2021-03-08
605218,  ????????,605218,  ????????,  2020-09-28
605222,  ????????,605222,  ????????,  2020-07-31
605228,  ????????,605228,  ????????,  2021-01-20
605255,  ????????,605255,  ????????,  2020-08-25
605258,  ????????,605258,  ????????,  2020-12-03
605259,  ????????,605259,  ????????,  2021-06-15
605266,  ??????,605266,  ??????,  2020-12-01
605268,  ????????,605268,  ????????,  2021-02-24
605277,  ????????,605277,  ????????,  2021-01-06
605286,  ????????,605286,  ????????,  2021-03-22
605287,  ????????,605287,  ????????,  2021-07-06
605288,  ????????,605288,  ????????,  2020-06-01
605289,  ????????,605289,  ????????,  2021-04-26
605296,  ????????,605296,  ????????,  2021-05-28
605298,  ????????,605298,  ????????,  2021-03-01
605299,  ????????,605299,  ????????,  2020-12-15
605300,  ????????,605300,  ????????,  2021-04-30
605303,  ????????,605303,  ????????,  2021-03-01
605305,  ????????,605305,  ????????,  2021-05-06
605318,  ??????,605318,  ??????,  2020-08-03
605319,  ????????,605319,  ????????,  2021-06-07
605333,  ????????,605333,  ????????,  2020-08-18
605336,  ????????,605336,  ????????,  2020-10-19
605337,  ??????,605337,  ??????,  2021-02-08
605338,  ????????,605338,  ????????,  2020-10-12
605339,  ????????,605339,  ????????,  2021-05-18
605358,  ??????,605358,  ??????,  2020-09-11
605365,  ??????,605365,  ??????,  2021-07-20
605366,  ????????,605366,  ????????,  2020-08-12
605368,  ????????,605368,  ????????,  2021-01-29
605369,  ????????,605369,  ????????,  2020-09-16
605376,  ????????,605376,  ????????,  2020-12-08
605377,  ????????,605377,  ????????,  2020-12-28
605378,  ????????,605378,  ????????,  2021-04-12
605388,  ????????,605388,  ????????,  2020-08-18
605389,  ????????,605389,  ????????,  2021-03-22
605398,  ????????,605398,  ????????,  2021-01-21
605399,  ????????,605399,  ????????,  2020-08-04
605488,  ????????,605488,  ????????,  2021-05-13
605499,  ????????,605499,  ????????,  2021-05-27
605500,  ????????,605500,  ????????,  2020-12-22
605507,  ????????,605507,  ????????,  2021-08-02
605555,  ????????,605555,  ????????,  2021-10-21
605566,  ????????,605566,  ????????,  2021-10-25
605567,  ????????,605567,  ????????,  2021-10-13
605577,  ????????,605577,  ????????,  2021-08-24
605580,  ????????,605580,  ????????,  2021-08-19
605588,  ????????,605588,  ????????,  2021-08-12
605589,  ????????,605589,  ????????,  2021-08-10
605598,  ????????,605598,  ????????,  2021-09-17
605599,  ????????,605599,  ????????,  2021-09-09
